cups_of_coffee,typing_speed_cpm
5.2936153,215.66266
5.4900236,212.30003
2.2971826,208.83281
5.7558336,224.89897
2.3426893,203.58716
3.605372,200.27524
1.5394349,202.32022
4.761848,206.59224
5.6446285,237.976
0.79911554,183.36024
5.607589,222.60287
3.561478,199.23798
5.216427,223.89005
3.4062917,181.72919
4.446564,213.96352
2.576427,188.1222
5.3126574,231.73434
3.4434266,238.23636
1.5994803,199.65514
3.764695,226.43231
1.6177901,198.14359
2.6481814,192.57916
1.781525,206.91663
4.990113,202.48013
0.63188946,205.8888
1.616969,214.95609
2.152876,207.78319
1.1961826,190.24242
3.2831492,210.80334
0.03696263,188.75706
5.709327,204.99025
0.4515953,173.491
5.316082,216.69435
3.4992576,203.96211
2.0258865,196.64769
4.85385,224.75163
3.4675522,218.36499
5.42389,225.58044
3.327959,216.06024
2.0538805,195.73601
3.806051,212.08484
2.1864617,201.19731
4.262573,234.0407
5.6784663,227.52919
4.7341785,225.17433
1.6884824,213.07828
4.731794,216.83768
3.5367787,221.30719
4.523505,218.5325
1.1714848,173.35135
0.03027463,184.97636
1.8409184,215.19989
0.69893146,176.06413
5.4616165,228.19571
3.864094,211.96767
4.2426405,199.04333
3.9487834,204.79518
2.947812,208.36955
5.347825,239.21649
0.8684592,183.92499
3.1888912,228.31487
0.95237947,207.95999
3.925056,211.73753
1.9668531,193.6304
3.9192488,216.25652
2.3749757,183.86859
5.4881754,234.90358
1.2218943,189.43907
1.210806,187.06512
1.210698,191.68118
5.6983285,251.31665
3.9997535,232.45284
5.886752,245.64651
0.52417123,190.73044
0.024371624,192.1165
0.6529087,191.30331
0.98193276,186.17921
4.2151203,199.55196
4.0742273,197.19865
5.492773,229.32402
1.4507239,197.48924
0.9548646,182.38933
4.5917344,202.09253
1.7873865,187.27411
4.820771,226.56265
2.288098,197.4136
4.716138,215.21384
0.669096,187.34862
1.4860507,169.90887
3.9146295,215.60097
3.6342225,220.04526
2.2351236,224.13982
4.7882085,206.48384
5.0394278,190.45392
0.82447994,182.62001
1.3983954,201.31012
5.746986,222.15703
1.9877025,210.48672
1.9364508,212.53123
0.09721613,180.12192
1.2819893,190.55232
3.749411,197.2255
2.6040206,191.70984
0.82234204,181.68866
3.0703702,208.28938
0.9507555,192.06345
0.45481002,186.87468
1.3480121,200.26404
0.37436378,194.33017
1.0897858,169.72943
5.9988265,239.83617
3.5666249,222.2811
3.924479,178.86703
0.2019471,174.25949
1.0296786,204.93817
2.0014324,198.68571
3.4691133,215.9594
0.36023605,166.98682
1.7073809,187.46606
1.2039943,196.83417
3.0083137,209.04059
1.8836904,211.46579
2.7921128,219.07358
0.9671109,178.86179
0.9408145,181.7266
1.2497946,181.11482
1.9731077,199.55624
0.6321573,186.75592
5.5154095,220.50436
2.4046078,182.39677
5.58119,208.7247
3.9347463,199.54091
0.45960903,177.74889
5.0761056,234.2482
2.1745656,191.85445
1.8500218,211.83992
0.5097885,193.93112
0.017518044,179.32979
3.858332,222.25545
2.3446684,193.97731
4.167969,221.62257
0.53800964,168.54886
5.2272873,222.27194
0.7978388,172.34016
2.4819798,228.25284
3.626609,201.42476
4.5487556,212.05183
5.4219313,203.0755
5.7328777,209.25641
0.6212336,190.81232
3.7550018,198.01566
1.7096221,194.07236
2.6712456,219.56706
0.7545297,180.7691
5.732576,221.06174
0.7981485,170.43558
4.6033535,235.92358
4.054319,210.9848
3.9748678,206.0027
1.3780614,192.38406
5.7268543,239.28624
3.6592512,224.2632
3.38592,224.11989
0.35623562,184.67305
4.2593656,227.23462
2.5499382,192.19519
1.6256272,193.79755
5.5768394,224.60542
3.6688464,207.83821
1.3401707,183.36993
1.4815832,186.05006
2.8567328,196.35121
4.675084,204.68402
2.2333984,201.53595
1.2882754,195.2869
1.9726714,187.1724
0.7587755,188.54068
4.0698977,215.82556
5.3221207,223.30722
0.17567897,167.27617
3.696752,229.03436
4.549775,226.61339
3.5439882,203.54626
1.9316261,188.14708
4.5658264,225.08693
4.5765395,222.97046
4.121782,202.0527
2.4728358,208.0184
2.2055962,192.2411
3.3209429,205.69194
2.4700377,193.18484
2.1059968,183.13734
4.9176207,207.32976
5.5781984,223.86838
2.703008,190.0959
2.3283095,208.60318
3.043777,218.50952
2.8208752,198.58987
3.7212338,217.56392
3.8407009,211.8651
0.2752297,193.63583
1.8928868,209.41191
5.526388,217.39146
4.168665,203.14748
2.8507872,191.24013
1.1912827,158.72873
1.1645848,197.83203
0.31269944,192.33972
2.0221128,207.14915
4.0131125,224.21896
4.9128647,230.03836
4.385092,211.62717
0.3481679,166.4201
1.1959126,191.8828
2.52655,192.8884
5.9020486,229.1752
3.4339724,202.77757
2.2230878,199.82295
4.2411456,203.48431
1.8573554,195.22493
1.058233,194.7262
5.189662,215.9509
1.6358947,195.27568
2.3985996,194.54887
0.015587211,158.1651
5.007812,224.439
5.272904,231.65501
4.0933447,196.73811
0.9081774,203.39162
0.03918028,164.80667
0.5634631,193.70264
5.2371006,229.6416
4.440317,224.85713
5.5245132,223.50462
4.5716095,200.76729
3.7592764,211.97246
2.970622,206.81335
0.7184819,183.59914
0.42968345,197.82889
0.19395411,176.40103
4.228086,220.35114
1.527096,185.95978
2.3962421,190.0793
1.2734842,189.28033
2.4533293,178.77539
0.8884953,185.60373
1.039753,171.92825
3.9951324,225.30202
2.1084108,192.35086
4.85203,230.66524
2.0375738,203.99861
0.7992983,170.41818
2.470683,223.85052
1.5457578,177.32883
2.0821753,210.08385
0.14401317,202.43143
4.6784725,228.49902
0.9113864,193.13705
4.507853,233.96628
4.361353,215.04999
5.143298,243.46036
0.69884384,217.0565
5.1575904,225.68936
1.5817451,197.21753
4.113208,227.99118
5.817344,241.1464
2.5769043,207.62262
2.9767995,244.42644
2.3093083,204.16132
0.49504638,191.7644
4.4397087,229.51253
0.021846414,180.378
4.8623996,221.70381
5.244675,238.85756
5.837119,201.87329
2.2923613,208.76172
0.53507423,174.64201
3.674491,195.94513
4.657282,219.60594
0.0140737295,170.73438
2.319049,191.2091
1.2016336,196.84451
2.737609,191.8667
1.5233595,188.18776
1.7736973,200.49916
2.0476234,216.57446
0.1490879,182.35355
5.4615226,226.77708
5.5149937,229.7932
2.5293927,204.60342
2.6583538,197.89241
1.7756402,181.75528
0.29081154,176.35515
0.080566764,178.45715
4.1149755,210.37578
1.3528615,200.6175
1.071369,199.34955
2.7659304,200.28084
2.0009665,189.18936
2.0294375,195.19395
